,Scenario,Algorithm,mean,std
0,Random,CGA-PPO,775.875171661377,331.35660078225305
1,Random,XYZ-PPO,743.871711730957,365.2834870377954
2,Static,CGA-PPO,1808.66240234375,11.288739009799677
3,Static,XYZ-PPO,1822.6255981445313,28.7068837095498
